codeCommuneEtablissement,indicateur_dvm
14001,0.7960506016661523
14003,1.0178571428571428
14005,1.255681233933162
14006,1.4190761050182785
14007,0.5210643015521065
14009,0.6222939023633769
14011,1.368719438735738
14012,0.7117794486215538
14014,2.295934446895682
14015,1.1335917312661499
14016,1.773166800966962
14019,0.8080808080808081
14020,0.8583765810698479
14021,0.8391350584898973
14022,1.392168437622983
14023,1.2026143790849673
14024,1.4153944020356235
14025,1.7666666666666666
14026,0.972020725388601
14027,1.29214404432133
14030,0.8892496392496394
14032,1.7202380952380951
14033,2.8470588235294114
14034,6.234375000000001
14035,1.1233859397417503
14036,1.5732323232323233
14037,1.9610339506172842
14038,2.0809523809523807
14039,0.9114791547687036
14040,1.2424242424242424
14041,0.6918449197860962
14042,1.9110127826941987
14043,2.2039473684210527
14044,1.9932659932659933
14045,0.9046783625730994
14046,1.1575157515751575
14047,1.0912421746601801
14049,1.1407407407407406
14050,1.4074074074074074
14053,1.0193050193050193
14054,1.8218623481781377
14055,1.0938800489596083
14057,1.3575373472159349
14059,1.3781431334622827
14060,1.1697297888633629
14061,1.4380057972325566
14062,0.45810055865921784
14063,0.5735294117647058
14064,1.5804878048780489
14066,0.9670360250961344
14068,1.5917761018230403
14069,1.548780487804878
14070,1.0051566080977845
14076,1.3693356941438781
14077,0.7857142857142857
14078,1.3944954128440368
14079,1.5579620154653684
14080,0.4696969696969697
14082,1.5555555555555556
14083,0.9817194570135747
14084,0.5672268907563025
14085,0.8018710324089543
14086,1.1270125223613596
14087,1.3194444444444444
14088,0.5571428571428572
14089,1.8375000000000001
14090,1.8063157894736843
14091,0.717948717948718
14092,0.733225834246255
14093,1.2436974789915969
14096,1.268181818181818
14097,2.6470588235294117
14098,1.6220293844056222
14100,1.1781135531135531
14101,1.0436055805505489
14102,1.4390243902439024
14103,1.8055555555555556
14104,1.193548387096774
14106,1.2099358974358974
14107,1.511111111111111
14110,2.8
14111,1.2702702702702704
14116,1.3456221198156681
14117,1.2037863019129746
14118,1.0100179601292507
14119,0.9257557380108229
14120,1.4011813537675606
14121,0.8679245283018867
14122,0.9901477832512315
14123,1.2095682262674892
14124,0.8704318936877077
14125,1.1380575945793339
14126,1.0385756073779149
14127,1.1486486486486485
14130,0.708994708994709
14131,1.1764705882352942
14132,0.3822115384615385
14134,1.0065359477124185
14135,0.712962962962963
14136,0.44711538461538464
14137,1.751440329218107
14138,0.7684210526315789
14140,0.5905511811023623
14141,1.150537634408602
14143,1.8229535007072133
14145,1.494945054945055
14146,1.7142857142857142
14147,1.0833333333333333
14149,0.6238095238095238
14150,1.5007587801705449
14159,0.6943942133815552
14160,2.150309460654288
14161,1.1076923076923078
14162,1.048529411764706
14163,2.816374269005848
14165,1.7142857142857144
14166,1.0889390357475464
14167,1.2755180157190977
14168,0.9642857142857143
14169,1.9741935483870967
14171,0.9016393442622951
14172,1.0756516211061666
14173,1.6348314606741572
14174,1.5449924502759553
14175,1.9411764705882353
14177,1.3859291084854994
14179,1.3777777777777778
14180,2.101449275362319
14181,1.0333625012153285
14182,1.1790254237288136
14183,1.1583011583011582
14184,3.2479999999999998
14190,0.7331730769230769
14191,1.1902865728322687
14193,0.6162162162162163
14194,1.4155346569139673
14195,5.2727272727272725
14196,1.7582857142857145
14197,0.8375447768419014
14198,1.2509881422924902
14200,1.5062503088097239
14202,1.6701581027667982
14203,4.483430799220272
14204,2.272727272727273
14205,0.7936507936507937
14206,1.9800000000000002
14207,1.4622556390977444
14209,1.4671717171717171
14211,0.8138755980861244
14214,1.0454545454545456
14215,0.9977720450281427
14216,1.3540372670807452
14218,1.3247984826932193
14220,1.009519765426601
14221,1.560591133004926
14223,7.75
14224,1.0
14225,1.2576332030628306
14226,1.1515151515151516
14227,1.3600288600288601
14228,0.9816513150445896
14229,0.9659382587582379
14230,1.0
14231,0.9081260364842453
14232,1.1833333333333333
14236,0.523469387755102
14237,2.0424107142857144
14238,1.4879227053140096
14239,0.0
14240,2.0727272727272728
14241,0.6078431372549019
14242,1.4209258384506378
14243,1.9529680365296804
14244,0.9545454545454546
14245,0.9311224489795917
14246,0.9360587002096437
14248,0.37333333333333335
14249,1.5875
14250,2.1218637992831537
14251,1.256091734352604
14252,1.4722222222222223
14254,0.7101994301994302
14256,2.510869565217391
14257,1.195521406081113
14258,1.1646988872844644
14260,0.513888888888889
14261,0.6523350630096368
14266,0.7970085470085471
14269,2.5083333333333333
14270,2.159154929577465
14271,1.2231537566689397
14272,2.24
14273,2.0461538461538464
14274,0.7782471910112359
14275,1.5728900255754474
14276,2.033333333333333
14277,1.279241930707729
14278,1.210485133020344
14280,4.555555555555555
14281,1.6733369388858843
14282,2.46875
14283,1.21875
14284,0.9285714285714286
14285,1.5362318840579712
14286,2.360054347826087
14287,2.230366492146597
14288,0.7337636143606293
14289,1.036164160910199
14290,0.7700892857142858
14291,0.8363636363636363
14293,1.0230769230769232
14297,2.3716312056737587
14298,1.31025641025641
14299,1.3116279069767443
14300,1.325
14301,0.8264864463791057
14302,2.991228070175439
14303,0.811545315682281
14304,0.5720430107526882
14305,0.9844975053456878
14306,1.2025862068965516
14308,1.617332035053554
14309,4.32597623089983
14310,0.9314320388349514
14311,0.3257142857142857
14312,1.0838711487737807
14316,2.230769230769231
14318,1.997159090909091
14319,1.5602836879432622
14320,2.497536945812808
14322,2.5324675324675323
14325,1.4733438104448742
14326,1.0861361771944218
14327,0.9383103757504966
14328,1.4889080956496685
14329,2.261324041811847
14332,2.5587599134823362
14333,1.1228989859547789
14334,1.9908602150537633
14335,1.1333333333333333
14336,0.5680921052631579
14337,2.168498168498169
14338,0.9798639077905846
14341,1.2047726356316906
14342,1.3823008849557523
14343,2.5555555555555554
14344,1.280612244897959
14345,1.6231884057971016
14346,1.3075060532687652
14347,1.8947575877020104
14348,3.392857142857143
14349,1.5879919006954837
14352,1.1474734785036294
14353,1.7508417508417509
14354,0.687344351369708
14355,1.4955467590301832
14357,1.0332453825857522
14358,0.4090909090909091
14360,0.38333333333333336
14362,1.683734939759036
14364,2.3333333333333335
14365,0.8702344139650873
14366,1.2465335084473363
14367,1.5486725663716816
14368,1.935885167464115
14369,0.6213836477987421
14370,0.746266934766127
14371,1.537045175533616
14374,0.9843749999999999
14375,3.0285714285714285
14377,1.0103260869565218
14378,2.143589743589744
14379,1.4718614718614718
14380,0.9719827586206897
14381,5.833333333333333
14383,1.3146338197884588
14384,1.096311143505021
14385,1.409090909090909
14389,0.5818181818181818
14390,0.2857142857142857
14391,1.4566929133858268
14393,1.8803418803418803
14394,0.5302325581395348
14396,2.4864864864864864
14397,1.364247311827957
14398,1.7784299339691858
14399,0.6789297658862876
14400,1.1312056737588652
14401,1.0185185185185184
14402,0.46511627906976744
14403,1.4588888888888887
14404,3.8249999999999997
14405,0.6124444444444445
14406,1.4291346343386555
14407,0.8651561204752695
14408,0.7660707359215769
14409,0.9155276210669796
14410,2.211164518243391
14411,0.6772486772486772
14412,8.892857142857144
14419,0.6372549019607843
14421,1.377564979480164
14424,1.9705882352941178
14425,1.775
14426,1.2833333333333334
14427,1.4962962962962962
14430,1.1607142857142858
14431,1.4994960806270996
14435,2.6
14436,1.431578947368421
14437,1.05591401114333
14438,1.456521739130435
14439,1.4344262295081969
14445,0.0
14446,0.8
14448,inf
14449,0.975
14452,2.063009636767976
14453,0.7107871720116617
14454,1.1020241259456145
14455,1.5584415584415583
14456,1.2282552336509172
14457,1.0608695652173912
14458,0.6801642097406232
14460,1.0017421602787457
14461,0.8726790450928381
14465,1.0829268292682928
14466,4.437062937062937
14467,4.294117647058823
14468,1.523076923076923
14469,1.9444444444444444
14473,3.7946428571428568
14474,0.8787878787878788
14475,1.2276855621672407
14476,0.87890625
14478,1.5069215254858819
14480,1.2220795892169447
14482,3.5454545454545454
14483,5.055555555555555
14484,0.5277777777777778
14486,1.7996195307545972
14487,1.0541176470588236
14488,1.0952282913387075
14491,1.3244147157190636
14492,1.4570810810810813
14494,0.7450980392156863
14495,1.1174680462568471
14496,18.5
14497,2.625
14498,1.0842293906810037
14499,3.0092592592592595
14500,1.4879227053140098
14501,1.922348484848485
14502,2.85
14504,0.9897574123989217
14506,0.4913213885778276
14509,1.8413793103448277
14510,1.0612244897959184
14511,23.6
14512,0.0
14514,1.2534287017901715
14515,1.273227047828477
14516,1.3906883437121245
14519,2.1
14520,1.0357142857142858
14522,2.1343873517786562
14524,1.4543063773833003
14527,1.1289860535243121
14528,1.352397558849172
14529,0.9453124999999999
14530,1.2085698590001832
14531,0.0
14533,2.299107142857143
14534,0.6728142076502733
14535,2.276535433070866
14536,0.9274835988753515
14538,1.720779220779221
14540,1.3558052434456929
14541,1.6153846153846154
14542,1.8410819949281485
14543,1.4436772486772487
14546,0.5721649484536082
14547,0.7308970099667774
14550,1.527777777777778
14552,1.1821145784816023
14554,1.0553846153846154
14555,1.4978532396565183
14556,1.0931141439205956
14557,1.3173105497771174
14558,1.6578754578754578
14559,0.4112743152044462
14562,1.2136512388966807
14563,1.059390048154093
14565,1.1
14566,1.3726219295697364
14569,3.0659340659340657
14570,1.3273754919657916
14571,1.2276785714285714
14572,0.5508431272355646
14574,0.9578708211619603
14575,0.6871794871794872
14576,2.3764583333333333
14578,1.059728274801333
14579,1.644905115511551
14582,1.7881878557874762
14586,0.9147869674185464
14587,1.4416553595658073
14588,1.5029411764705882
14589,1.6539215686274509
14590,0.775
14591,1.8976507936507938
14592,1.4213740458015267
14593,1.6140271493212668
14595,1.9887005649717515
14598,1.0925925925925926
14601,1.2073619631901842
14602,1.3026315789473684
14603,1.6769638128861428
14605,1.6752519596864504
14606,0.5034722222222222
14607,9.8
14609,2.730958230958231
14610,1.0084848484848485
14613,2.5694444444444446
14614,1.2541118421052633
14619,0.9871794871794872
14620,0.6093506493506493
14621,0.8395568832462036
14622,0.9920634920634921
14623,1.151058715220949
14625,0.5696825396825397
14626,2.3578088578088576
14627,1.1854338842975207
14630,1.066205533596838
14635,0.8024364406779662
14637,3.025641025641026
14639,4.180995475113122
14640,1.3238636363636365
14643,1.072167997633836
14644,0.9729477611940298
14645,0.9814995131450827
14646,1.5304232804232805
14648,1.543708609271523
14649,1.4362519201228878
14650,1.030188679245283
14651,1.6428571428571428
14652,1.5510204081632655
14654,1.4419409865894517
14656,1.4493537325244
14657,1.9871794871794872
14658,1.345225843339051
14659,1.1376486289735501
14660,0.38016528925619836
14661,2.1296296296296298
14663,0.8801622718052738
14664,1.6654740608228977
14665,1.0207336523125996
14666,0.0
14667,0.63671875
14668,0.7446808510638298
14669,3.505791505791506
14672,1.993273378664912
14674,2.816326530612245
14675,1.383612040133779
14676,0.9959053685168334
14677,0.7476923076923077
14678,1.6892857142857143
14679,2.22
14680,1.1888888888888889
14681,inf
14682,0.5714285714285714
14684,0.7251243781094528
14685,1.0373169579593766
14687,2.457680250783699
14689,1.2161399763656464
14692,1.5807558139534885
14694,1.356755030341744
14698,1.752
14699,1.2091814903111435
14700,1.3737769080234834
14701,1.0995030494691667
14705,5.818181818181818
14706,3.4499999999999997
14707,1.8970189701897018
14708,1.6769366197183098
14709,1.2584362139917695
14710,0.63
14711,0.9399184452542079
14712,1.3127973227126895
14713,2.016239316239316
14714,1.3557412790697676
14715,1.013117226406808
14716,0.7453168593064966
14719,1.3823805060918462
14720,1.2947173308619093
14721,1.689779921615918
14723,1.5033057851239668
14724,1.0540451293340671
14726,1.0739116780824827
14728,1.921153846153846
14731,1.3318753417167852
14732,1.7371194379391102
14733,0.8388157894736843
14734,1.3199999999999998
14735,1.1204819277108435
14737,0.9928724162508911
14738,1.1361987282258208
14739,1.0017482517482517
14740,1.4462809917355373
14741,18.0
14742,1.0208333333333333
14743,4.095238095238095
14744,2.22742474916388
14745,0.9454545454545454
14747,0.40349504434011474
14748,1.6923076923076923
14751,2.9285714285714284
14752,0.9057595191622518
14753,1.3002364066193854
14754,1.2858711540261667
14755,1.059831396673502
14756,1.7228464419475655
14758,1.7149122807017545
14759,1.56198347107438
14760,1.2017543859649122
14761,1.541994750656168
14762,1.1080903454056181
14764,0.922340425531915
27001,0.6828703703703703
27002,0.348800505050505
27003,0.9543254688445252
27004,0.9935064935064936
27005,1.2067496723460025
27006,1.8382749326145553
27008,0.9963859649122807
27009,3.4404761904761902
27010,2.7555555555555555
27011,1.2855345911949685
27012,1.141509433962264
27013,1.2522321428571428
27014,1.4607843137254903
27015,0.9016393442622951
27016,1.1620097480982097
27017,0.9217445097432726
27018,1.1071428571428572
27019,0.2656126482213439
27020,0.9834482758620688
27021,2.227843137254902
27022,1.4964122635355512
27023,1.7482517482517483
27025,1.1638202461597176
27026,1.807142857142857
27027,0.9692307692307692
27028,2.0416666666666665
27031,1.9268476621417798
27032,1.217857142857143
27033,1.4181818181818182
27034,0.7012987012987013
27035,2.3007246376811596
27036,1.4325930559899906
27037,1.7219679633867278
27038,0.5696802210817212
27039,2.674825174825175
27040,1.1390013495276652
27042,4.8
27043,1.0828779599271403
27044,1.559179869524697
27045,1.104244031830239
27046,4.0
27047,1.5816326530612246
27048,1.2658227848101264
27049,1.1122746971128876
27050,1.4103703703703703
27051,1.1449661439771917
27052,2.1724137931034484
27053,2.865497076023392
27054,1.1037919299951384
27055,2.2794117647058822
27056,1.2254083484573501
27057,0.47074468085106386
27059,5.25
27061,1.3730158730158732
27062,1.5853399604304395
27063,1.0285714285714287
27064,1.3381818181818181
27065,1.2648809523809523
27066,0.6442786069651741
27067,0.9302922094251371
27068,3.0277777777777777
27069,1.8943452380952381
27070,1.826388888888889
27071,3.006802721088435
27072,1.1320754716981132
27073,1.015
27074,1.3793103448275863
27075,2.0695652173913044
27076,1.0991735537190084
27077,1.2665094339622642
27078,1.4851001465559355
27079,0.994909090909091
27081,1.9207459207459208
27082,1.5727272727272728
27083,0.8126984126984127
27085,1.056205205582799
27089,1.6297515713858126
27090,1.0729907773386034
27091,0.7577348066298343
27094,0.8181818181818181
27095,1.2333333333333334
27096,1.4974789915966387
27097,0.6647379169503063
27098,2.3333333333333335
27099,1.2323232323232323
27100,1.2754398311048558
27101,1.4076502732240437
27102,0.6179699537750386
27103,1.2503956948401393
27104,1.1333333333333333
27105,1.3987747957993
27106,1.1127272727272728
27107,1.3999786050492085
27108,1.2540909090909091
27109,3.708333333333334
27110,0.4355716878402904
27111,1.579268292682927
27112,1.472408153630861
27113,3.846153846153846
27114,0.9619450317124736
27115,0.7741935483870968
27116,1.0504037989744455
27117,0.8990388038447845
27118,0.9571681415929204
27119,1.567202141900937
27120,0.7849056603773584
27123,0.5813397129186603
27124,0.6964285714285714
27125,0.9078557312252964
27126,0.9332206255283179
27127,0.5834757834757835
27129,1.253585771658061
27130,1.2774011299435029
27132,0.8220502901353967
27133,1.9032849288030453
27134,3.764705882352941
27135,1.3214285714285714
27136,0.9705223880597015
27137,0.6461538461538462
27138,2.0704225352112675
27139,2.244031830238727
27140,1.1941176470588235
27141,8.0
27142,0.9794293297942933
27144,1.0959119496855345
27146,0.54
27147,0.8832658569500675
27148,1.5102127659574467
27149,4.305555555555556
27151,0.8674967312492571
27152,1.0448343079922027
27153,1.8974358974358976
27154,0.9925925925925926
27155,0.5185185185185185
27156,0.7010526315789474
27157,1.4409374827262176
27158,0.7123161764705882
27161,1.2669683257918551
27162,0.38814016172506743
27163,1.8775510204081636
27164,1.3261971830985917
27165,1.258493966663258
27167,1.8749999999999998
27168,1.4130841121495328
27169,0.5768396133359637
27170,1.0688920962002888
27171,0.7150793650793651
27173,4.25
27174,1.3681122448979592
27176,3.466666666666667
27177,1.0092002830856333
27179,1.7513227513227514
27180,1.3986111111111112
27181,1.0776014109347443
27182,0.5052631578947369
27183,1.488175582990398
27184,4.222222222222222
27185,2.76056338028169
27187,1.3390151515151514
27188,0.8742594484167517
27189,0.7651438240270728
27190,2.445
27191,1.8092571033007145
27192,1.0352112676056338
27193,0.8007301490721023
27194,0.650319829424307
27196,1.5463320463320462
27198,1.2710571191918536
27199,0.990919952210275
27200,0.7346938775510204
27201,0.6216006216006217
27202,1.012396694214876
27203,0.940922345825683
27204,1.153846153846154
27205,0.9347290640394089
27206,1.3881048387096773
27207,0.8302929085303187
27208,1.5555555555555556
27209,1.149584487534626
27210,1.7350114416475972
27212,2.0
27213,1.2000514542814749
27214,0.9287749287749287
27215,5.333333333333333
27216,2.072463768115942
27217,1.0509691313711413
27218,0.9333032490974729
27219,1.0223978919631094
27220,0.9773755656108598
27222,1.7025440313111546
27224,2.5384615384615383
27226,1.1914257659315617
27227,1.2824196597353497
27228,5.733333333333333
27229,1.163404639147887
27230,1.0750259055155198
27231,3.1268939393939394
27232,0.6853932584269663
27233,1.032258064516129
27234,0.9054878048780488
27235,0.45
27237,0.5111111111111111
27238,1.511461937716263
27239,2.0668693009118537
27240,1.1865099642309658
27241,2.2714285714285714
27242,1.4208583925642426
27243,0.6308190191685337
27245,1.758241758241758
27246,0.5876972503070963
27247,1.01364522417154
27248,1.4074074074074074
27249,2.1464646464646466
27251,1.6501831501831503
27252,1.3214418431809734
27254,1.1201550387596901
27256,1.4385614385614387
27258,2.310851926977688
27259,1.011764705882353
27260,0.8877551020408162
27261,0.589050589050589
27263,1.1909167367535745
27266,3.01875
27267,2.294930875576037
27269,1.069078947368421
27271,1.811287477954145
27273,2.5294117647058822
27275,1.1869825863545533
27276,1.0694117647058823
27277,1.2173333333333334
27278,1.1989247311827957
27279,0.8381554108718264
27280,1.1573926868044515
27281,3.746031746031746
27282,1.7999999999999998
27284,1.0067029982083955
27285,0.6568633801904515
27286,1.5707051032333463
27287,1.3498901098901097
27288,1.7424242424242424
27289,1.5194805194805194
27290,1.3113122171945701
27291,2.457142857142857
27294,1.1887218045112782
27295,1.3802105263157896
27298,0.29478458049886624
27299,1.0012071126793258
27300,3.046659597030753
27301,1.6218233158531665
27302,1.5526255445998625
27304,0.5322128851540617
27306,1.608053902833051
27307,1.5708812260536398
27309,1.4732142857142856
27310,1.5877976190476193
27311,0.8548836032388664
27312,1.3982142857142856
27313,1.1170212765957448
27315,1.3474025974025974
27316,0.9157894736842104
27317,0.9578947368421052
27318,1.3206214689265536
27319,2.0727272727272728
27320,0.9166666666666666
27321,2.111111111111111
27322,0.7544303797468354
27323,0.5644171779141104
27324,2.9391891891891895
27325,1.2857142857142858
27326,1.4519230769230769
27327,0.6086956521739131
27329,1.8520547945205479
27330,0.9473684210526315
27331,1.196759259259259
27332,1.0225368489449747
27333,0.6837725381414701
27334,0.8461538461538461
27335,1.5662796323173682
27336,0.6481481481481481
27337,0.8151848151848152
27338,1.5119047619047619
27339,1.4055775520743674
27340,1.059889502762431
27341,2.0303030303030303
27342,4.114285714285715
27343,1.253731343283582
27345,1.2740740740740741
27346,1.3186813186813187
27347,1.8476377952755905
27348,1.1704109384896242
27349,1.0208333333333335
27350,1.4594594594594594
27351,1.363960396039604
27353,1.2533333333333334
27354,1.210144927536232
27355,1.0903580057105204
27358,1.094017094017094
27359,0.7142857142857143
27360,1.9901960784313726
27361,1.3411764705882354
27363,5.6
27364,inf
27365,1.398455194842906
27366,7.152777777777778
27367,0.963603230890465
27368,0.578125
27369,0.5789473684210527
27370,1.4586894586894588
27371,0.9791044776119402
27372,1.6289926289926289
27373,3.0124223602484475
27374,1.2685185185185184
27375,1.1215061574607952
27376,1.2352941176470589
27377,0.7429840142095915
27378,1.3772789949440785
27379,1.375
27380,1.1325102880658435
27381,1.154970760233918
27382,1.3754385964912281
27383,0.7783783783783783
27384,1.0911786508524832
27385,1.0007878787878788
27386,0.7706464228203359
27388,0.9289272030651341
27389,2.951219512195122
27390,1.1010152284263959
27391,1.344999061737662
27392,3.8961038961038956
27393,1.2179487179487178
27394,0.8809355067328136
27395,1.590909090909091
27396,1.0476973684210527
27397,1.1042979297929791
27398,1.330051748075224
27399,1.55
27400,1.0305393112410657
27401,15.333333333333332
27403,0.4835164835164835
27404,0.4402173913043478
27405,2.1
27406,0.761860465116279
27407,1.3926499032882012
27408,0.3620689655172414
27410,2.227409638554217
27411,0.6138461538461538
27412,2.6104477611940298
27413,1.1254971651011254
27414,1.3060975609756098
27415,1.4365325077399382
27417,1.4752688172043011
27418,0.5511111111111111
27419,1.359271115488796
27420,1.6435185185185184
27421,1.1319910514541387
27422,0.9901477832512315
27423,1.867595818815331
27424,1.2527472527472527
27425,1.7402513696422817
27426,0.8171428571428572
27427,1.3099415204678362
27428,1.0299052610023864
27429,1.103448275862069
27430,12.571428571428571
27431,0.8049516908212561
27432,0.7807486631016043
27433,0.5833333333333334
27434,0.5217391304347826
27435,0.9743589743589743
27436,2.232142857142857
27437,1.02834008097166
27438,1.6674786845310596
27439,0.8484287898968971
27440,1.8105747126436782
27441,2.2333333333333334
27442,1.5185185185185184
27444,1.25
27445,0.7816091954022989
27446,0.8714969241285031
27447,1.1338051904280417
27448,1.4902805168904005
27451,0.7518987341772153
27453,0.9271091811414393
27454,7.327935222672065
27455,0.7246376811594203
27456,1.4078674948240166
27457,1.4141414141414141
27458,0.8606867737302519
27459,2.6666666666666665
27460,0.8192771084337349
27462,0.6739130434782609
27463,1.4375000000000002
27464,1.4516129032258063
27465,1.4362342638204706
27466,0.4523809523809524
27467,1.1990815657117866
27468,0.6865384615384617
27469,1.00057170162295
27470,1.2791023842917253
27471,2.8470873786407767
27472,1.1213930348258705
27473,1.2639581848420052
27474,1.3867212083071114
27475,0.7557251908396947
27476,1.7465753424657535
27477,1.4776500638569603
27478,0.8733333333333334
27480,1.2550458715596329
27481,1.8983050847457628
27482,2.7333333333333334
27483,0.7779661016949152
27485,0.7019039499857914
27486,0.8148967551622419
27487,0.5463821892393321
27488,0.8611111111111112
27489,0.7910369984366858
27490,1.3499999999999999
27492,1.4482758620689655
27493,0.8412055780476834
27495,1.1285714285714286
27496,1.1844961240310077
27497,1.5572615152277878
27498,2.209090909090909
27500,1.7604336043360436
27501,1.2323232323232323
27502,1.1161053966464705
27504,0.8927607913669064
27505,1.0606060606060606
27507,0.9705381179875818
27508,1.4153846153846155
27511,2.4865454545454546
27512,1.4729567307692308
27514,0.7569444444444445
27516,1.5383839788609972
27517,1.7201353637901862
27518,1.498015873015873
27520,1.12
27521,1.6571428571428573
27522,2.1306818181818183
27524,2.689516129032258
27525,2.2013157894736843
27527,1.631372549019608
27528,0.8128451380552221
27529,0.561015561015561
27530,4.323529411764706
27531,0.5677655677655679
27533,1.0157232704402517
27534,1.6596948818897639
27535,0.9974025974025973
27536,1.2337164750957854
27537,0.835674755214985
27538,0.7777777777777778
27539,0.7238095238095238
27540,0.8110687022900763
27541,1.8
27542,0.90072981829014
27543,1.2825
27544,0.5536130536130536
27545,1.1897233201581028
27546,1.5110294117647058
27547,2.2094273963935462
27548,1.0200794100964266
27550,0.8035714285714286
27552,2.8341013824884795
27553,0.8522727272727272
27554,1.2244623655913978
27555,3.111111111111111
27556,4.75
27557,1.9113712374581944
27558,1.642105263157895
27560,0.9454545454545454
27561,1.57015065913371
27562,1.2655699479204117
27563,0.9201793721973094
27564,2.063348416289593
27565,1.8970503181029499
27567,0.8947368421052633
27568,1.3767482517482517
27569,0.605263157894737
27570,1.8115942028985506
27571,3.051612903225806
27572,1.0
27576,0.9104046242774566
27577,1.0876623376623376
27578,1.3134667234284092
27579,0.0
27580,1.1214199273900765
27582,1.0750000000000002
27584,0.3652173913043478
27586,1.4754098360655739
27587,1.5940983606557375
27589,0.9734219269102989
27590,0.6902777777777778
27591,0.861956843038723
27592,1.4365079365079365
27593,1.2188488298545226
27594,5.673684210526316
27595,2.682539682539683
27597,6.556390977443608
27598,1.9264922870556673
27599,1.5518867924528301
27601,2.888888888888889
27602,1.105369434607886
27603,0.6217070600632244
27604,0.7932489451476793
27605,0.6439751552795032
27606,1.4358974358974361
27608,1.134055517941774
27609,0.775
27610,2.0727272727272728
27611,1.6363636363636365
27612,1.5785953177257526
27613,1.7946127946127945
27614,0.5224071702944942
27615,0.7598784194528876
27616,1.7059859154929577
27617,0.608125
27618,0.9784735812133073
27620,1.6672364672364672
27621,2.5
27622,1.1727390552995391
27623,2.367857142857143
27624,0.9469387755102041
27625,1.2771739130434783
27627,5.061224489795919
27629,1.1227093818557232
27630,2.1931089743589745
27631,1.5909090909090908
27632,1.5784313725490198
27633,1.2291820191599114
27635,1.35
27638,1.0076976272262466
27640,1.2291666666666667
27641,0.6776315789473685
27643,0.7212107065048242
27644,1.105076741440378
27645,15.375
27646,0.543117744610282
27649,0.9562499999999999
27650,1.6222222222222222
27652,0.7509881422924902
27654,0.9449462365591397
27655,1.4351851851851851
27656,0.7755635915980611
27658,3.3046875
27659,1.0625
27660,2.432098765432099
27661,1.2304371289800324
27662,1.8005115089514068
27663,0.8910411622276029
27664,1.8072289156626504
27665,1.1428571428571428
27666,2.2698412698412698
27667,2.6644144144144146
27668,1.6008254716981132
27669,1.691588785046729
27670,1.1413520632133451
27671,0.38251366120218583
27672,0.9422604422604421
27673,1.4705882352941178
27674,0.6349206349206349
27676,2.6376916975145424
27677,1.3781645569620253
27678,0.9423076923076924
27679,1.0275895478567234
27680,1.3303769401330376
27681,1.0398363959007373
27682,0.8221070811744386
27683,1.4000000000000001
27684,1.2282229965156795
27685,1.3863070539419085
27686,2.82
27689,1.6517857142857144
27690,1.2666666666666666
27691,0.9857142857142857
27692,1.3657407407407407
27693,1.4562818336162986
27694,1.495016611295681
27695,1.4438502673796794
27696,1.3771536464479583
27697,0.8461187214611873
27698,1.5010638297872343
27699,0.0
27700,2.566347469220246
27701,0.9802829895764028
50002,1.237440939244977
50003,1.0519582059847892
50004,0.9068255687973997
50006,2.642857142857143
50008,1.2254901960784315
50013,1.0526973026973028
50016,1.3584905660377358
50019,1.8493150684931505
50021,1.125
50022,1.525
50023,1.2285508291276137
50024,0.768
50025,1.0029680325738544
50026,19.5
50027,1.0909090909090908
50028,6.333333333333333
50029,1.3203309692671394
50030,1.458994032395567
50031,1.150743055843027
50032,0.9250621890547264
50033,0.8405017921146952
50034,2.182894736842105
50036,1.734234234234234
50038,2.7982456140350878
50039,1.5555555555555556
50040,1.6666666666666667
50041,1.4318480478611197
50042,1.23
50044,1.5494071146245059
50045,1.2797979797979797
50046,1.3395176252319112
50048,1.2338308457711442
50049,0.9243523316062177
50050,1.7204301075268817
50052,3.2543103448275863
50054,1.0933333333333333
50055,3.8333333333333335
50058,1.2472376164086156
50059,1.0400276052449964
50060,0.9821428571428571
50062,3.3442622950819674
50064,0.676056338028169
50066,1.1675321005316237
50069,1.6193181818181817
50070,6.0
50072,4.393939393939394
50074,1.1746750378596669
50076,1.245249005399261
50077,1.9214285714285715
50078,1.1047904191616766
50079,3.154285714285714
50081,1.1846153846153846
50082,1.2133734719941616
50083,1.0893719806763285
50084,1.0192307692307692
50085,1.1426078971533518
50086,5.290909090909091
50087,0.9094660497686633
50088,1.089430894308943
50090,0.9139294403892944
50092,1.4626436781609193
50093,1.4677187948350072
50094,1.449742268041237
50095,1.7481266248661875
50096,7.238095238095238
50097,1.7688679245283019
50098,0.9556121006502686
50099,1.1859413202933986
50101,6.357142857142857
50102,1.4055555555555557
50105,2.853658536585366
50106,0.7583333333333333
50108,1.6788844621513948
50109,1.0830535571542765
50110,1.67467718794835
50111,0.9831326873511468
50112,0.944206008583691
50115,2.7559808612440193
50117,1.2173913043478262
50118,0.8028846153846153
50120,0.42045454545454547
50121,1.7636363636363634
50124,1.1840796019900497
50126,1.7261904761904763
50129,1.2654071071101058
50130,1.727216748768473
50135,1.921875
50137,1.5957446808510638
50138,2.3291416074357576
50139,0.8183974593181754
50142,1.8684797529169528
50143,1.044891640866873
50144,1.1892901618929017
50145,1.2666666666666666
50146,1.1059743954480796
50147,1.1446815520556526
50148,0.9823434991974318
50149,1.2665820949619426
50150,1.6365348399246706
50151,1.0188178528347407
50152,1.3526785714285714
50155,1.4242424242424243
50156,0.875
50158,1.0745098039215686
50159,1.6851851851851851
50161,1.4933333333333334
50162,1.5853393665158373
50164,1.2416666666666667
50165,1.3359634322176888
50166,2.189964157706093
50167,0.8411510905276491
50168,1.0669615986517396
50169,0.8946078431372548
50172,0.5499999999999999
50174,1.3696969696969696
50175,0.8020833333333334
50176,2.3506493506493507
50177,1.2285714285714286
50178,1.367644574581902
50181,1.7010233918128654
50182,0.936448598130841
50183,0.84375
50184,1.8604108309990663
50185,1.1240506329113924
50186,8.920454545454545
50188,0.7691138470892233
50190,0.7490445859872612
50192,2.75
50193,0.9254054054054054
50194,1.9901547116736988
50195,0.8490566037735849
50196,1.216842105263158
50197,1.3297794362630773
50198,0.9059534081104401
50199,1.120888157894737
50200,0.9047619047619048
50205,3.45
50207,2.4
50208,0.696969696969697
50209,0.9717409948542024
50210,0.7
50214,1.8355911330049262
50215,1.1330508848581138
50216,1.2827272727272727
50217,0.7458646616541353
50218,1.1101873297730076
50219,1.5141242937853108
50221,0.4351851851851852
50222,0.5938144329896907
50225,1.4848484848484846
50227,1.2496662216288386
50228,1.1082092344533414
50229,1.3636363636363638
50230,0.7089279787587123
50231,1.048249660786974
50232,1.2128146453089246
50233,1.8717948717948718
50234,4.266666666666667
50235,2.1153846153846154
50236,1.4626138333455407
50237,1.1515625
50238,3.292207792207792
50239,1.199566737610216
50240,2.0166666666666666
50241,0.5283018867924528
50243,1.2116959064327484
50246,0.0
50247,7.538461538461538
50251,1.7723076923076924
50252,1.0604309700224321
50253,1.212359550561798
50256,1.1106657902752617
50258,2.3125
50259,1.127540500736377
50260,1.7749682129527093
50261,1.5244122965641955
50262,1.3708690330477356
50263,0.6633416458852868
50265,1.4819277108433735
50266,2.3562428407789233
50267,1.167355652356331
50268,1.6298507462686567
50269,1.0327868852459017
50270,1.5821917808219177
50271,0.7697368421052632
50272,1.3466131509835984
50273,0.8313469178521081
50274,1.3776923854788148
50275,0.6391304347826087
50276,1.2787456445993033
50277,2.6407563025210083
50278,1.8275862068965518
50279,1.6244193762441939
50281,1.6429587482219061
50282,0.507103825136612
50283,3.5
50285,1.2990196078431373
50288,1.1206363234644277
50289,1.1458005437115466
50290,1.29375
50291,0.8915441176470589
50292,0.8284113610700946
50294,1.2389028475711894
50295,1.177570093457944
50296,0.8541114058355437
50297,2.682857142857143
50298,1.30752688172043
50299,1.6213235294117647
50300,1.0271186440677964
50302,2.2258064516129035
50304,1.9342105263157894
50305,4.270588235294117
50310,1.1636363636363638
50311,0.5492307692307692
50312,2.0072727272727273
50315,1.745679012345679
50317,0.8884615384615385
50321,1.715142428785607
50324,1.9666666666666668
50326,1.3788617886178862
50327,1.2259615384615383
50328,0.4917355371900826
50332,1.3153049482163404
50334,1.8142857142857143
50335,1.3258239465999166
50336,1.8823529411764706
50338,0.5619047619047619
50340,0.7641878669275929
50341,1.2141391719638113
50342,1.6842105263157894
50345,0.9166666666666666
50347,0.8968282901932192
50349,1.0207472667929611
50350,1.2717948717948717
50351,2.2439024390243905
50352,0.5402298850574713
50353,1.505270092226614
50356,1.0222222222222221
50357,6.142857142857142
50359,1.212076322223545
50360,0.6488095238095237
50361,0.6341743119266056
50362,0.9981796116504854
50363,1.6790005570144029
50364,1.8199999999999998
50365,0.4659711872826627
50368,3.4
50369,0.9053571428571429
50370,0.9406757116254323
50371,0.9583333333333334
50372,1.6851851851851851
50373,2.2777777777777777
50374,0.7777777777777778
50376,0.8076923076923077
50378,1.1342894393741851
50379,1.0648148148148149
50382,1.622222222222222
50384,0.5593607305936072
50387,1.5735759493670887
50388,1.0667426434060956
50389,1.6176470588235294
50390,0.8554216867469879
50391,1.1972940413307385
50393,1.0950958578438843
50394,1.1818250591016548
50395,2.5
50397,1.1753086419753085
50398,10.25
50399,1.4248366013071896
50400,1.2629557877257318
50401,1.0033613445378151
50402,1.1885245901639343
50403,1.3240425006177414
50405,0.8205128205128205
50407,1.0715793918918919
50408,0.9733910891089109
50409,1.606378543635353
50410,1.2933361928016165
50411,1.54736736132085
50412,1.6265985803707808
50413,0.9131386861313869
50417,1.1588539482879103
50419,1.3142278187870893
50420,1.1692142665593994
50421,0.6236436322101655
50422,1.3103448275862069
50423,3.292929292929293
50425,1.4167548500881832
50426,1.417004048582996
50428,1.4394341290893014
50429,1.5117440225035161
50430,0.0
50431,1.8943577430972391
50433,1.1309812235009087
50435,0.9995206136145733
50436,1.0503635585970914
50437,1.2132268444035854
50442,1.7475728155339807
50443,0.9606299212598425
50444,1.0385112432153012
50445,1.2270114942528736
50446,0.5593453919035315
50447,1.2086486486486485
50448,1.1781109731639767
50450,1.042857142857143
50451,1.9565217391304348
50452,0.7985063252552965
50453,1.0785771333783867
50454,0.6508264462809917
50455,1.2316290885995553
50456,1.2638619961274422
50457,1.935897435897436
50461,1.3404255319148937
50462,0.8858784893267652
50463,2.435344827586207
50464,0.7435224089635855
50467,1.3915966386554623
50468,1.305115936694884
50469,1.4583333333333333
50471,1.6692563817980022
50472,0.6542056074766355
50473,1.2044300876788185
50474,1.3851458885941643
50475,1.0793290657159063
50476,0.7117117117117117
50478,0.9166666666666666
50479,1.9423503325942353
50480,1.7672811059907836
50481,1.6710316192909613
50482,1.0208333333333335
50483,0.6686346863468634
50484,1.195408052374021
50486,2.5858633776091082
50487,1.0235843623295244
50488,0.6620805840235856
50489,1.862953692115144
50490,1.8473895582329318
50491,1.444602272727273
50492,1.200179131213614
50493,1.6761580960475988
50495,1.9595959595959598
50496,1.0880672268907563
50498,1.562043795620438
50499,1.0513231756214916
50500,1.063671875
50502,0.9818956720091241
50504,1.9444444444444446
50505,1.8
50506,0.9318089015924866
50507,0.53
50509,0.9638336347197106
50510,1.2138475021910604
50511,0.7402597402597402
50512,2.2308402585410896
50513,1.7899999999999998
50514,1.0457426288233673
50517,1.2342857142857144
50518,0.9563846558066211
50519,1.7469262295081966
50521,1.505791505791506
50522,1.042929292929293
50523,1.0596458911315534
50525,1.2871425249941872
50528,2.7806122448979593
50529,0.4439461883408072
50531,0.978336686787391
50532,1.0865012078946168
50533,1.8472222222222223
50535,1.036417910447761
50536,0.6263736263736265
50537,0.9985085756897838
50538,1.7418981481481484
50539,1.0972590627763041
50540,1.2352941176470587
50541,1.0682061477290108
50542,0.9993974693713598
50543,1.7157575757575758
50546,1.1160231660231659
50548,2.0
50549,0.9164634146341463
50550,1.2251297577854672
50551,1.08145273890314
50552,1.6749408983451537
50553,1.294481981981982
50554,1.1026415094339623
50556,1.4818713450292398
50562,1.1159154670605054
50563,0.9936523437499999
50564,1.0909061779031017
50565,1.3752140410958904
50567,0.8589511754068715
50568,0.8969369369369369
50569,1.7412935323383083
50570,1.5923207227555054
50571,0.0
50572,2.5219298245614032
50574,0.5427536231884058
50575,0.8043323863636364
50576,1.0315687226809132
50577,2.04
50578,2.261538461538462
50579,1.5244383129680723
50580,1.1987315010570823
50582,1.0569349074784367
50584,2.119047619047619
50585,1.0776634583471623
50587,0.0
50588,0.9696727853152435
50589,0.8851351351351351
50590,0.8044096728307254
50591,1.237227031619555
50592,1.5301234966502544
50593,1.643478260869565
50594,1.798496240601504
50596,1.8593406593406594
50597,1.1029368718899406
50598,1.162162162162162
50599,1.2334152334152333
50601,1.3478403141361257
50603,1.073170731707317
50604,1.2269117647058823
50606,1.6261363636363635
50607,4.12012987012987
50609,3.75
50610,0.9767441860465116
50612,0.79
50613,1.2984154929577465
50615,1.3816832644456158
50616,1.4945979683195592
50617,0.565461029037188
50618,2.666666666666667
50619,2.557142857142857
50621,13.0
50624,1.3479853479853479
50626,1.4793828892005612
50628,1.7177747625508821
50629,0.9807692307692308
50633,2.0
50634,2.25
50637,0.6976961394769614
50639,1.0644672845737362
50641,0.5374864179645057
50643,1.1136939983093828
50647,0.6888045540796963
50648,1.8506944444444444
61001,1.1442757433447635
61002,1.6696428571428572
61005,1.0975609756097562
61006,1.3517684160365242
61007,1.1072292844642866
61008,0.8926813258943224
61010,2.560606060606061
61011,4.75
61012,3.466666666666667
61013,1.2916666666666667
61014,0.7628865979381443
61015,2.7384259259259256
61017,9.222222222222221
61018,2.4761904761904763
61020,0.6099999999999999
61021,1.255639097744361
61023,1.8449197860962567
61024,1.7017738359201775
61026,1.012135922330097
61028,4.0270009643201545
61029,0.8229471047766712
61030,1.3578947368421053
61032,1.5583333333333333
61034,1.6902536715620828
61035,1.8278965129358828
61036,1.2453183520599251
61037,1.171218487394958
61038,0.8854258518166814
61039,1.6607142857142856
61040,1.259125219729087
61041,1.192556634304207
61043,1.0301136363636363
61044,0.36245954692556637
61046,1.15609756097561
61048,1.5357142857142858
61049,0.9579831932773109
61050,1.0677484787018254
61051,0.8765432098765432
61052,1.1976127320954906
61053,1.8039215686274512
61054,0.6854754440961337
61055,1.3342414995640801
61056,0.75
61060,0.7911111111111111
61061,1.3060081466395113
61062,0.6854838709677419
61063,0.9457236842105263
61064,1.4625000000000001
61066,0.4852941176470588
61067,0.5394736842105263
61068,0.2
61069,0.9545454545454546
61070,1.2942692228406514
61071,0.9919354838709676
61072,1.5765306122448979
61074,1.5154880505198978
61075,1.1286843997124372
61076,2.8079096045197742
61077,1.33455227379278
61078,0.8384838242394979
61079,1.8132116733278034
61080,2.25
61081,1.6178438661710037
61082,2.963942307692308
61084,1.75
61085,0.208955223880597
61086,0.6387434554973822
61087,1.7954353338968723
61088,1.621212121212121
61089,1.4017857142857142
61091,1.0166573348264278
61092,1.543904086457278
61093,1.0456803130644192
61094,1.2910344827586206
61095,1.1069767441860465
61096,0.8629490789733287
61097,1.045025013896609
61098,2.469512195121951
61099,1.3137254901960784
61100,0.4220183486238532
61101,1.76
61102,0.7096171802054155
61103,1.1500000000000001
61104,0.9
61105,0.6435374149659865
61107,0.93
61108,1.1454545454545455
61111,2.123667377398721
61113,2.24
61114,1.451219512195122
61116,1.5195150029708855
61117,0.8861198396359303
61118,1.5384615384615385
61120,0.9692307692307692
61121,1.1282051282051282
61122,2.4
61123,4.0
61124,1.586013986013986
61126,1.5106382978723403
61129,0.8013698630136987
61130,1.5295815295815296
61133,0.6492027334851936
61137,2.1104477611940298
61138,0.9816621147093251
61139,1.7829457364341086
61140,1.5113220113220112
61141,2.866941015089163
61142,1.3452380952380951
61143,1.3620030950768933
61145,1.0669509278197395
61146,1.324588163514338
61148,0.4896551724137931
61149,1.2883116883116883
61150,0.5888412017167383
61151,1.0842490842490842
61152,1.3735465116279069
61153,1.217476681394207
61156,1.1557973678406
61158,5.188235294117646
61159,2.6399999999999997
61160,1.21875
61162,1.0087719298245614
61163,0.8960004335573379
61164,1.5976331360946747
61165,1.1742424242424243
61166,1.0508474576271187
61167,1.184380706025563
61168,1.1200344530577089
61169,1.086353404749563
61170,1.2000000000000002
61171,1.6825396825396826
61176,3.764705882352941
61178,0.9333333333333333
61180,0.8493150684931507
61181,1.0422842697920258
61182,1.3406060606060606
61183,1.2406015037593985
61187,1.4117647058823528
61188,1.3522727272727273
61189,1.1908831908831907
61190,2.7142857142857144
61192,0.8705882352941177
61193,1.2505747126436781
61194,0.8877834921170222
61195,0.8709677419354839
61196,1.5709637046307887
61197,0.6888888888888889
61198,1.5833333333333333
61199,1.453125
61202,0.4509408602150537
61203,1.8003629764065334
61206,0.5423728813559322
61207,2.385204081632653
61208,1.0441306266548986
61209,0.9293820933165196
61210,0.48253968253968255
61211,1.3276836158192091
61212,1.9047619047619047
61213,2.878787878787879
61214,0.9380977487603028
61215,0.7032967032967032
61216,1.49929676511955
61217,0.9142857142857143
61218,1.2798837399705256
61219,1.21875
61221,1.3080246913580247
61222,1.448382126348228
61224,1.3579109062980028
61225,1.9953488372093025
61227,0.6589446589446589
61228,1.612279226240538
61229,0.6282051282051282
61230,1.105214007782101
61232,1.4693021379588542
61233,2.6714285714285717
61234,1.0893595041322315
61237,1.2636
61238,1.1071428571428572
61240,1.8705035971223023
61241,1.5967514124293785
61242,2.845945945945946
61243,1.0271739130434783
61244,0.6304347826086957
61248,0.5205021955594038
61251,1.4361702127659575
61252,3.0181159420289854
61255,1.1945759793370643
61256,0.48188405797101447
61257,3.173076923076923
61258,1.5109672378188315
61259,1.7903225806451613
61260,1.1293706293706294
61261,2.6458333333333335
61262,0.8012820512820513
61263,1.325
61264,6.375
61265,2.56993006993007
61266,0.3627450980392157
61267,2.230769230769231
61268,1.2288461538461537
61269,1.2126315789473683
61271,1.1636363636363636
61272,1.3740458015267176
61273,0.06060606060606061
61274,0.8705128205128205
61275,1.2549830208179535
61276,2.4789473684210526
61277,1.25
61278,1.0762480924351427
61279,1.017816091954023
61281,1.2878787878787878
61283,2.21218487394958
61284,1.019736842105263
61286,0.8064516129032258
61287,4.874698795180723
61288,1.15375
61289,1.3185185185185186
61290,0.8507936507936508
61291,20.97222222222222
61292,0.989010989010989
61293,0.9338849053134769
61294,1.0760138206946719
61295,1.9864864864864864
61297,1.5098522167487685
61298,0.5590909090909091
61300,0.7585308674133889
61301,1.6203703703703702
61302,28.0
61303,2.320402298850575
61304,2.573099415204678
61307,0.44289044289044294
61308,1.1676136363636365
61309,1.505381665223308
61310,0.5736180246266702
61314,0.8055375297425913
61316,0.36507936507936506
61317,2.735562310030395
61319,1.420901246404602
61321,0.5787139689578714
61322,0.7065217391304348
61323,0.43750000000000006
61324,0.9173913043478261
61326,1.0142857142857142
61327,1.2773722627737225
61328,0.35362479247371337
61329,1.2994499682674001
61330,0.9111990950226245
61331,1.7846153846153847
61332,0.6477707006369428
61333,1.68
61336,1.9012345679012346
61339,1.2782575334821429
61341,2.106125523800556
61342,2.0689751622286865
61344,0.9359504132231404
61345,1.3114610673665792
61346,0.9182098765432097
61347,0.51953125
61348,1.1092436974789917
61349,2.2
61350,3.4362139917695473
61351,1.6744186046511627
61352,0.5894736842105264
61357,1.6973684210526316
61358,0.9861111111111112
61360,4.92
61361,1.3058035714285714
61362,1.1372859860494609
61363,1.5
61365,0.8890374331550801
61366,1.2626262626262625
61367,1.0833333333333333
61369,1.3065843621399178
61370,0.9298245614035089
61371,2.004
61372,1.223404255319149
61373,0.5461538461538461
61374,2.240506329113924
61375,0.9379344300278035
61376,0.6291793313069909
61379,1.5237198795180724
61381,1.6411764705882352
61382,1.5353412679135292
61384,1.7666666666666666
61385,1.5169398907103826
61386,1.8514890282131662
61387,1.1154365816585035
61388,1.5075301204819276
61389,1.0461727340664033
61390,1.3687150837988828
61391,1.127634811845338
61392,1.8566308243727596
61393,1.5821917808219177
61394,0.9873134328358208
61395,2.3660714285714284
61396,0.526984126984127
61397,1.1019771071800208
61398,1.8918918918918919
61399,1.3333333333333333
61400,2.0238095238095237
61401,0.9219512195121952
61402,4.0
61404,1.182795698924731
61405,2.0441176470588234
61406,6.300000000000001
61407,0.9264906690942194
61408,1.9202163624070319
61411,1.220639534883721
61412,1.1438127090301002
61413,5.555555555555556
61414,0.7737242868507785
61415,0.7254901960784315
61416,4.622222222222222
61418,0.38155136268343814
61419,1.3254950495049505
61420,0.41509433962264153
61421,1.888508064516129
61422,1.0889423076923077
61423,1.2678571428571428
61424,3.635483870967742
61425,1.726315789473684
61426,2.56
61427,1.4469696969696972
61429,1.480767386091127
61432,0.8344752413578325
61433,0.8592777085927771
61435,1.0699919549477073
61436,0.6446280991735537
61438,0.44972067039106145
61439,1.4666666666666666
61440,0.9344913151364764
61442,1.049107142857143
61443,4.191919191919191
61444,0.5948275862068966
61445,2.363939393939394
61446,4.703125
61447,1.1135668140088406
61448,2.033333333333333
61450,2.7
61451,0.9047619047619048
61452,1.272594752186589
61453,1.292717086834734
61454,1.1159211159211158
61456,1.3191964285714286
61457,0.7628985507246376
61459,0.7333333333333333
61460,0.8662516101331044
61461,0.8387799564270153
61462,0.5481158517595764
61463,2.1098597115194626
61464,1.2344851130239705
61466,1.037037037037037
61467,0.8648874061718098
61472,1.6302521008403361
61473,0.5240174672489083
61474,1.309057057522982
61475,2.6768253968253966
61476,6.216783216783217
61479,1.2979094076655053
61480,2.2767857142857144
61481,1.75
61482,1.7080610021786493
61483,0.8957182420577957
61484,1.302956212491665
61485,1.6695501730103808
61486,0.9835085104714095
61487,0.782051282051282
61488,0.9947089947089948
61490,0.5541497975708503
61491,2.026434956480828
61492,1.0999999999999999
61493,0.2482758620689655
61494,1.5850037987259658
61497,1.0661386138613862
61498,0.8976377952755906
61499,1.25
61500,0.25411764705882356
61501,1.4286263208453411
61502,1.40625
61503,2.488888888888889
61505,0.9475890985324947
61507,2.481164383561644
61508,1.0459379479354511
61510,1.5824175824175823
61512,0.18633540372670807
76001,1.3293385358602752
76002,0.8788888888888889
76004,1.0307407407407407
76005,1.237920489296636
76006,0.7641196013289037
76007,2.7894736842105265
76008,1.2265486725663715
76009,1.3556851311953353
76010,1.1133333333333335
76011,1.5452830188679243
76012,0.4783878504672897
76013,1.1524197195838988
76014,1.4194046442687747
76015,1.0481012658227848
76016,0.7839721254355401
76017,2.534688995215311
76018,0.42520444238117344
76019,2.0681818181818183
76020,1.5119303403822233
76021,1.024137931034483
76022,2.7627494456762753
76023,7.5
76024,2.3913043478260874
76025,1.1672545561434449
76026,0.7093872962338393
76028,6.433333333333333
76029,2.4615384615384617
76030,0.6959183673469389
76032,1.3538461538461537
76033,2.897142857142857
76034,1.3060793483179967
76035,1.3773363760556383
76036,0.867831541218638
76038,1.0026525198938991
76039,1.5323383084577114
76040,1.26
76041,2.5485981308411216
76042,0.847457627118644
76043,0.9700226244343891
76045,1.9326923076923077
76046,2.776315789473684
76047,0.7891156462585034
76048,2.031593406593407
76049,1.214574898785425
76050,1.3877551020408163
76051,1.3092924210283987
76052,0.9810000000000001
76053,2.857142857142857
76054,0.9152542372881356
76055,1.5270588235294118
76056,1.150920245398773
76057,1.1217717714935775
76058,0.9159663865546218
76059,2.3124378109452737
76060,1.8511597938144329
76062,0.8671328671328672
76063,2.318840579710145
76064,2.344294003868472
76065,2.202693125442948
76066,1.4352941176470588
76067,1.4826949700046146
76068,0.6509316770186335
76069,0.9951923076923077
76070,1.2461538461538462
76071,1.393269230769231
76072,2.304878048780488
76074,1.25
76075,1.2792792792792793
76076,0.6761904761904761
76077,1.2602459016393444
76079,1.9679999999999997
76082,2.1777777777777776
76083,0.6323529411764706
76084,0.09333333333333332
76085,1.9162692103868575
76086,0.9883720930232559
76087,1.7391304347826089
76088,2.0445478723404253
76090,1.2026845637583894
76091,0.5499999999999999
76092,0.8178217821782179
76093,2.368421052631579
76094,0.9819444444444443
76095,0.9151192574033893
76096,1.4983277591973245
76097,4.285714285714286
76099,1.0437262357414447
76100,0.7050691244239631
76101,1.175396080883886
76103,0.7904959943259667
76104,0.9150579150579151
76105,1.5382165605095541
76106,1.8811475409836065
76107,0.9831932773109243
76108,1.1157292284647977
76109,0.5833333333333334
76110,0.496875
76111,2.259259259259259
76112,1.37593984962406
76113,1.5457627118644068
76114,1.0661411467241764
76115,0.3575091575091575
76116,0.9870382228895709
76117,1.416326530612245
76118,0.9835766423357664
76119,0.8819444444444444
76120,1.0387700534759359
76121,1.015
76122,0.4794520547945205
76123,1.024390243902439
76124,0.9803921568627452
76125,0.5667848699763594
76126,0.5362318840579711
76128,1.5726643598615917
76129,1.8509615384615383
76130,1.2621951219512195
76131,1.172972972972973
76132,1.1693486590038313
76133,1.4523076923076923
76134,2.4000000000000004
76135,0.4268831168831169
76136,0.7698275862068965
76138,1.6363636363636365
76139,1.5757575757575757
76140,1.3454545454545455
76141,3.0238170847888215
76142,1.415816326530612
76143,2.3552135114092354
76144,0.6527777777777778
76146,1.9293336756023325
76147,1.0147639841962985
76148,1.612531969309463
76149,1.98
76151,1.006578947368421
76152,1.714695340501792
76153,0.4166666666666667
76154,2.130952380952381
76155,21.818181818181817
76156,2.0158102766798423
76157,1.317129304779814
76158,2.061111111111111
76159,0.8752896127859711
76160,5.300539083557952
76161,0.5452898550724637
76162,5.46875
76163,1.0756302521008403
76164,1.0761401897765535
76165,0.9500565436414105
76166,0.9012614180078296
76167,0.8818565400843882
76168,7.0
76169,1.7036269430051811
76170,0.4119718309859155
76171,1.6363636363636365
76172,0.4265232974910394
76173,0.8533333333333334
76174,1.069090909090909
76175,1.3631578947368421
76176,1.2746913580246915
76177,0.919093851132686
76178,0.9030847704639301
76179,1.85515873015873
76180,11.0
76181,1.411290322580645
76182,2.3142857142857145
76183,1.4489389920424403
76184,0.2653061224489796
76185,1.2962962962962963
76186,0.8821256038647343
76187,2.642857142857143
76188,3.6634382566585955
76189,0.5357142857142857
76190,2.290909090909091
76192,1.2179377877378021
76193,0.6823593073593074
76194,0.3748326639892905
76195,0.8709677419354839
76196,1.0474287814393548
76197,0.9571428571428572
76198,2.440677966101695
76199,1.212890625
76200,1.9301470588235294
76201,1.4137931034482758
76202,0.9803921568627452
76203,1.3142857142857143
76204,0.5
76205,1.35
76206,2.4687500000000004
76207,0.6272727272727273
76208,1.8544061302681991
76209,1.6941964285714284
76210,1.1004784688995215
76211,1.0804597701149425
76212,1.071266474179354
76213,1.6836734693877553
76214,2.345945945945946
76216,0.9872208329089955
76217,1.1202849088952245
76218,0.0
76219,0.8164722359813483
76220,2.549707602339181
76221,0.6875
76222,1.0818316152104155
76223,0.34215258155664013
76224,1.2948717948717947
76225,2.007
76226,2.9898989898989896
76227,2.050092764378479
76228,1.411864406779661
76229,0.9804908747640024
76230,0.5
76231,0.9833418689492801
76232,1.7641509433962264
76233,0.0
76234,0.9046875
76235,1.1555439694125826
76236,0.34505208333333337
76237,1.357098186366479
76238,1.2872825858678427
76239,1.1594202898550725
76240,0.7378335949764521
76241,0.22900763358778628
76242,0.6515151515151515
76243,0.6666666666666667
76244,0.5948717948717949
76245,1.0067340067340067
76247,1.4666666666666668
76249,0.5324360105913504
76250,0.8705850992936159
76251,0.6547619047619048
76252,1.162693156732892
76253,1.8706214689265537
76254,0.9041904119013929
76255,1.120782252336612
76257,2.216666666666667
76258,1.7582417582417582
76259,1.2617363598359452
76260,1.1086080961157758
76261,1.08343949044586
76262,1.5555555555555556
76263,1.2048925129725723
76264,1.5354838709677416
76265,1.042372881355932
76266,0.9337304542069993
76268,0.39436619718309857
76269,2.5757575757575757
76270,1.0360307554390924
76271,1.166117565458644
76272,0.9447564194864411
76273,1.0142045454545454
76274,0.4
76275,0.9738539898132429
76276,1.171157555984247
76278,1.0988235294117648
76279,1.051094890510949
76280,0.9027777777777778
76281,1.0822638178943111
76282,1.935625
76283,2.1428571428571432
76284,2.1963636363636363
76285,0.4554794520547945
76286,2.380952380952381
76287,0.7521632442205863
76288,1.6384049554781264
76289,1.4144042232277525
76290,1.4619047619047618
76291,0.6842105263157895
76292,1.4424242424242424
76293,0.834697217675941
76294,0.5860805860805861
76295,0.9178779069767442
76296,1.25267512753515
76297,2.0718475073313782
76298,1.0531914893617023
76299,1.3148148148148149
76300,0.9199999999999999
76302,1.1492768595041323
76303,1.0598290598290598
76304,0.44188861985472155
76305,0.9765026992035838
76306,7.166666666666667
76307,0.833717781566543
76308,0.7576844262295082
76309,1.2307692307692308
76311,1.489795918367347
76312,1.0819657453913856
76313,1.2800595238095238
76314,0.9765917602996255
76315,0.9928263988522239
76316,1.557017543859649
76317,0.936231884057971
76318,1.7540983606557374
76319,1.2897172426538532
76320,1.1807432432432434
76321,0.9919484702093398
76322,0.9226612541845691
76323,0.36989795918367346
76324,0.9807692307692308
76325,1.2315930388219545
76327,0.46375
76328,0.6538152610441768
76329,0.9169184069582477
76330,0.9662267080745343
76331,1.0
76332,0.5656565656565656
76333,2.117424242424242
76334,0.6209677419354839
76335,0.7692307692307693
76336,1.2
76338,0.711111111111111
76339,1.660079051383399
76340,0.8488736812090105
76341,1.179804219120696
76342,0.8117913832199546
76343,1.4933333333333334
76344,1.1200533570475768
76345,1.8106995884773662
76346,0.5703259005145798
76347,0.9918032786885245
76348,1.0898876404494382
76349,1.4930418223101152
76350,1.114119922630561
76351,1.0182470188935795
76352,0.5783699059561129
76353,5.333333333333333
76354,1.1204953560371516
76355,0.9994535519125685
76356,2.6616541353383463
76357,2.2466165413533834
76358,0.8101851851851851
76359,5.066666666666667
76360,1.406761177753544
76361,0.8085402645625435
76362,0.4769736842105263
76363,0.6155172413793103
76364,1.093167701863354
76365,1.2228915662650601
76366,1.3090880520584918
76367,1.0053494307027875
76368,1.1623931623931625
76369,1.0141987829614605
76370,1.2812858783008036
76371,0.0
76372,0.9989473684210527
76373,0.504708097928437
76374,1.2111111111111112
76375,0.8262108262108262
76377,0.7994578320478835
76378,1.1074085828132163
76379,0.6212319790301442
76380,0.9407766990291263
76381,1.5294117647058822
76382,0.9217096910706728
76383,0.9032258064516129
76384,0.8934968630402701
76385,0.8500164095831966
76386,0.9671052631578947
76387,1.719298245614035
76388,0.5689655172413793
76389,3.3181818181818183
76390,1.3446430113096781
76391,1.3418742586002372
76392,1.0769680851063832
76393,14.142857142857142
76394,1.2202380952380953
76395,1.1801418439716311
76396,1.279264214046823
76397,0.9252208535523205
76398,0.6777131782945736
76399,2.7210884353741496
76400,0.8441978733240869
76401,1.1628865979381444
76402,1.220919913794097
76403,1.2551020408163267
76404,1.3297872340425532
76405,2.653846153846154
76406,0.7426470588235293
76407,1.2828644501278772
76408,0.9847058823529411
76409,2.1999999999999997
76410,1.0679846049274824
76411,1.457142857142857
76412,1.4933333333333334
76413,0.9662921348314606
76414,0.9364363512593601
76415,0.7123809523809523
76416,3.2286096256684496
76417,1.126984126984127
76418,1.3834251245738265
76419,0.9565217391304347
76420,0.5731707317073171
76421,1.385009974351667
76422,0.44594594594594594
76423,2.5885978428351306
76424,3.0555555555555554
76425,0.3142857142857143
76426,1.6285714285714286
76427,0.9032258064516129
76428,0.0
76429,1.0010635822007077
76430,3.590909090909091
76431,0.4666666666666667
76432,0.6521739130434783
76433,0.9071117561683599
76434,0.9713375796178344
76435,1.0841332580463017
76436,1.189640768588137
76437,1.5034377387318563
76438,0.5980392156862745
76439,1.0549568965517242
76440,3.4722222222222223
76441,1.5384615384615383
76442,1.3222222222222222
76443,0.8181818181818182
76445,3.3823529411764706
76446,1.0339129072681703
76447,1.098581006313871
76448,0.7236097236097236
76449,2.0392156862745097
76450,1.8900000000000001
76451,1.0154477357574616
76452,0.8342084942084943
76453,0.9029411764705882
76454,11.833333333333334
76455,1.6425120772946862
76456,1.984084880636605
76457,0.8903508771929823
76458,2.423076923076923
76459,0.6700715015321757
76460,0.6886075949367089
76461,0.42347343378271207
76462,0.8535672514619883
76463,0.6052998605299861
76464,0.8876595744680851
76465,0.8281573498964803
76467,0.8149405772495755
76468,1.5956375838926176
76469,0.9181818181818182
76470,1.1119402985074627
76471,1.1014455343314402
76472,1.1413333333333333
76473,1.669433962264151
76474,1.2053571428571428
76475,1.4038463923022555
76476,1.416658724864195
76477,1.286764705882353
76478,0.43571428571428567
76479,0.3529411764705882
76480,1.830508474576271
76481,1.1476367881527785
76482,1.1318697729988052
76483,1.1885245901639345
76484,1.0746400542443304
76485,0.37865497076023386
76486,1.3283163265306122
76487,0.5153374233128835
76488,0.8775510204081632
76489,0.9518451845184518
76490,0.9818036827606205
76491,0.7719435736677117
76492,0.8305353183401964
76493,0.8443396226415094
76494,2.119565217391304
76495,1.101613531663267
76497,0.9150977777014561
76498,1.1454374303397403
76499,0.8305716652858326
76500,0.5686274509803921
76501,0.9935483870967742
76502,1.2311688311688311
76503,1.4636150234741783
76504,3.1904761904761902
76505,0.0707070707070707
76506,0.3580562659846547
76507,1.0427841634738186
76508,0.42438271604938266
76509,0.8684685090843516
76510,2.0161290322580645
76511,1.303370786516854
76512,0.0
76513,1.6950904392764858
76514,2.197411003236246
76515,0.8416873449131513
76516,1.6644736842105263
76517,1.2470588235294118
76518,0.28
76519,2.1052631578947367
76520,0.8804347826086957
76521,0.19047619047619047
76522,2.3300395256916997
76523,0.653061224489796
76524,0.40178571428571425
76526,0.2668759811616954
76527,0.40613026819923376
76528,1.5678733031674208
76529,0.9113924050632912
76530,1.3333333333333333
76531,0.7843137254901961
76532,2.6902042229145033
76533,1.55315232397607
76534,1.1536796536796536
76535,0.8943661971830986
76536,1.3978034517187279
76537,1.7714285714285716
76538,8.953125
76540,0.9322184071709815
76541,1.7464684014869887
76542,0.6826923076923077
76543,1.1555555555555557
76544,2.6166666666666667
76545,1.1890512233761663
76546,1.7176470588235293
76547,1.282939189189189
76548,1.1587078651685392
76549,0.4
76550,0.7628456221198155
76551,1.3469387755102042
76552,1.0980074253210261
76553,0.6238532110091743
76554,0.3470744680851064
76555,1.2875457875457874
76556,0.667741935483871
76557,0.91899852724595
76558,1.1640211640211642
76559,0.864
76560,1.223847914800438
76561,0.9969628495760138
76562,1.3201581027667986
76563,0.8784644517128594
76564,1.638888888888889
76565,0.8344072164948455
76566,1.839572192513369
76567,1.6129032258064515
76568,1.860236220472441
76569,3.906593406593407
76570,0.6347962382445141
76571,0.7250881834215168
76572,3.607142857142857
76573,1.8433333333333335
76574,0.8800403225806451
76575,1.0631838659772312
76576,0.6325301204819277
76577,1.053409090909091
76578,1.0275229357798166
76580,0.9777320359281437
76581,1.5882352941176472
76582,0.5925925925925926
76583,2.4285714285714284
76584,6.7
76585,0.7162426614481409
76586,0.468975468975469
76587,3.518796992481203
76588,0.8120078740157481
76589,0.9418604651162791
76590,1.3133462282398454
76591,0.8781179717849111
76592,2.2150920974450385
76593,0.8028846153846154
76594,1.0762993077683771
76595,0.8265156453715775
76596,0.822328931572629
76597,0.4812822946325002
76598,1.1452991452991454
76599,1.532104554528994
76600,1.23123646294378
76601,inf
76602,0.6909090909090909
76603,2.2697368421052633
76604,1.5685096153846154
76605,1.5179868265495695
76606,0.6257309941520468
76608,1.1846417216923453
76609,2.8846153846153846
76610,1.1844324506662167
76611,1.5292553191489362
76612,0.49230769230769234
76613,2.0645962732919254
76614,2.244244244244244
76615,0.5234460196292258
76616,1.1356843992827257
76617,1.337311178247734
76618,1.2534882889325942
76619,1.8128654970760234
76620,1.2
76621,1.3675213675213675
76622,6.375
76623,1.2352941176470587
76624,1.2050418215613383
76626,1.437632135306554
76627,1.1004826678367705
76628,1.6447368421052633
76629,0.8575581395348838
76630,4.03125
76631,0.4934571346098336
76632,0.8253968253968254
76634,1.5095492742551566
76635,20.0
76636,0.8518571326727027
76637,0.9725759891322805
76638,2.413907284768212
76640,1.027312339966758
76641,0.8947368421052632
76642,0.6235294117647059
76644,1.3461538461538463
76645,1.5
76646,1.8947368421052633
76647,0.9193917343848718
76648,0.9009373871047478
76649,0.9801488833746897
76650,1.0672268907563025
76651,0.5333333333333333
76652,0.966796875
76653,2.153175591531756
76654,0.5426553672316384
76655,1.4278778447772806
76656,1.1964641434262948
76657,0.8933175033921302
76658,1.1403769841269842
76660,0.9250764525993884
76662,1.4666666666666668
76663,1.0676190476190477
76664,1.592741935483871
76665,1.1026422764227644
76666,0.5470383275261324
76667,2.501291989664083
76668,0.7457865168539326
76669,1.380952380952381
76670,0.7833333333333333
76671,1.9024390243902438
76672,0.962435359547273
76673,0.8641975308641976
76675,0.6149870801033592
76676,1.1102941176470589
76677,1.542857142857143
76678,1.1352486559139787
76679,1.619047619047619
76680,1.3191489361702127
76681,1.0464893987507213
76682,1.3769401330376938
76683,1.2109220419469726
76684,2.264775413711584
76685,0.5570987654320987
76686,0.8649789029535864
76688,0.8551198257080609
76689,2.2222222222222223
76690,1.412280701754386
76691,1.7115384615384615
76692,7.2023809523809526
76693,1.0995575221238938
76694,0.0
76695,0.140625
76697,1.80764163372859
76698,0.6082191780821918
76699,2.916666666666667
76700,0.9244665718349928
76702,0.9207761710542579
76703,1.0087719298245614
76705,0.9723839257243287
76706,1.1480820695807317
76707,1.4690831556503197
76708,0.7250377073906485
76709,1.2470652173913044
76710,1.8888888888888888
76711,1.4073958333333334
76712,1.8431372549019607
76714,1.303590101080516
76715,1.3755656108597285
76716,1.395698924731183
76717,1.2521551724137931
76718,1.4341289231347492
76719,1.3295443781377285
76720,0.5564681724845996
76721,1.1325842696629214
76723,1.5927601809954752
76724,1.0416666666666665
76725,0.8602150537634408
76726,2.9696969696969693
76727,1.4054054054054055
76728,0.7043488160291439
76730,0.0
76731,3.0
76732,2.1614583333333335
76733,2.517006802721088
76734,1.427278603749192
76735,0.7746913580246914
76736,0.9545893719806763
76737,1.149342891278375
76738,1.1838235294117647
76739,0.7250830564784053
76740,2.0337301587301586
76741,1.5882352941176472
76743,0.9285714285714285
76744,2.2857142857142856
76745,1.5679442508710801
76746,2.6122448979591835
76747,1.7142857142857142
76748,0.7058823529411765
76749,1.8449999999999998
76750,1.8904694167852065
76751,0.9649805447470816
76752,0.6920026149487906
76753,0.43443251533742333
76754,0.8550341685649203
76755,0.8486967577876668
76756,1.6973684210526316
76757,2.3645320197044333
76758,1.2070748409901173
76759,1.7049808429118776
